-- landlord
insert into landlord values (NULL, 'Mac Properties', 3.9, 354);
insert into landlord values (NULL, 'TLC Management', 3.4, 91);
insert into landlord values (NULL, 'Tricap Chicago LLC', 2.1, 19);
insert into landlord values (NULL, 'Laramar', 3.6, 117);
insert into landlord values (NULL, 'PeakMade', 3.0, 1);
insert into landlord values (NULL, 'AIR Communities', 4.1, 17);
insert into landlord values (NULL, '3L Living', 2.0, 20);

-- park
insert into park values ('Ellis (Samuel) Park', '3520 S Cottage Grove Ave', 'Chicago', 17, '60653', '41.8281357', '-87.6103569'); --Ellis (Samuel) Park
insert into park values ('Dunbar (Paul Laurence) Park', '300 E 31st St', 'Chicago', 17, '60616', '41.8399244', '-87.6208001'); --Dunbar (Paul Laurence) Park
insert into park values ('Meyering (William) Park', '7140 S Martin Luther King Dr', 'Chicago', 17, '60619', '41.7644512', '-87.6160017'); --Meyering (William) Park
insert into park values ('Robert Taylor Park', '39 W 47th St', 'Chicago', 17, '60609', '41.8078170', '-87.6271784'); --Robert Taylor Park
insert into park values ('Kennicott (Jonathan) Park', '4434 S Lake Park Ave', 'Chicago', 17, '60653', '41.8138876', '-87.5975062'); --Kennicott (Jonathan) Park
insert into park values ('Gwendolyn Brooks Park', '4542 S Greenwood Ave', 'Chicago', 17, '60653', '41.8117997', '-87.5998136'); --Gwendolyn Brooks Park
insert into park values ('Armstrong (Lillian Hardin) Park', '4433 S St Lawrence Ave', 'Chicago', 17, '60653', '41.8138809', '-87.6103068'); --Armstrong (Lillian Hardin) Park
insert into park values ('Mandrake Park', '3858 S Cottage Grove Ave', 'Chicago', 17, '60653', '41.8233375', '-87.6070350'); --Mandrake Park
insert into park values ('Burnham Park', '1200-5700 S Lake Shore Dr', 'Chicago', 17, '60615', '41.8253531', '-87.5985856'); --Burnham Park
insert into park values ('Burnham Nature Sanctuary', '1600 E 47th St', 'Chicago', 17, '60615', '41.8119898', '-87.5914491'); --Burnham Nature Sanctuary
insert into park values ('Promontory Point', '5500 S Lake Shore Dr', 'Chicago', 17, '60615', '41.7956147', '-87.5766735'); --Promontory Point
insert into park values ('Rainbow Beach Park', '3111 E 77th St', 'Chicago', 17, '60649', '41.7570290', '-87.5501890'); --Rainbow Beach Park
insert into park values ('South Shore Nature Sanctuary', '7059 S South Shore Dr', 'Chicago', 17, '60649', '41.7680989', '-87.5602881'); --South Shore Nature Sanctuary
insert into park values ('Prairie Wolf Park', '6310 S Drexel Ave', 'Chicago', 17, '60637', '41.7800102', '-87.6031978'); --Prairie Wolf Park
insert into park values ('Harris (Harriet) Park', '6200 S Drexel Ave', 'Chicago', 17, '60637', '41.7816839', '-87.6048194'); --Harris (Harriet) Park
insert into park values ('Mamie Till-Mobley Park', '6404 S Ellis Ave', 'Chicago', 17, '60637', '41.7782516', '-87.6008010'); --Mamie Till-Mobley Park
insert into park values ('65th & Woodlawn Community Garden', '1228 E 65th St', 'Chicago', 17, '60637', '41.7770462', '-87.5961380'); --65th & Woodlawn Community Garden
insert into park values ('Huckleberry Playground Park', '6200 S Kimbark Ave', 'Chicago', 17, '60637', '41.7821980', '-87.5951340'); --Huckleberry Playground Park
insert into park values ('Beehive Park', '6156 S Dorchester Ave', 'Chicago', 17, '60637', '41.7825526', '-87.5916374'); --Beehive Park
insert into park values ('Midway Plaisance Park', '1130 Midway Plaisance', 'Chicago', 17, '60637', '41.7868907', '-87.5939190'); --Midway Plaisance Park
insert into park values ('Kenwood Community Park', '1330 E 50th St', 'Chicago', 17, '60615', '41.8050427', '-87.5929049'); --Kenwood Community Park
insert into park values ('Sycamore Park', '5109 S Greenwood Ave', 'Chicago', 17, '60615', '41.8018291', '-87.5993370'); --Sycamore Park
insert into park values ('Elm Park', '5215 S Woodlawn Ave', 'Chicago', 17, '60615', '41.8003836', '-87.5962611'); --Elm Park
insert into park values ('Butternut Park', '5324 S Woodlawn Ave', 'Chicago', 17, '60615', '41.7986584', '-87.5969517'); --Butternut Park
insert into park values ('Nichols (John Fountain) Park', '1355 E 53rd St', 'Chicago', 17, '60615', '41.7980091', '-87.5935416'); --Nichols (John Fountain) Park
insert into park values ('Harold Washington Park', '5200 S Hyde Park Blvd', 'Chicago', 17, '60615', '41.8017829', '-87.5841558'); --Harold Washington Park
insert into park values ('Washington (George) Park', '5531 S Martin Luther King Dr', 'Chicago', 17, '60615', '41.7957052', '-87.6107550'); --Washington (George) Park

-- price_plan
insert into price_plan values (NULL, 2856, 3);
insert into price_plan values (NULL, 2323, 15);
insert into price_plan values (NULL, 2059, 15);
insert into price_plan values (NULL, 1260, 1);
insert into price_plan values (NULL, 2443, 14);
insert into price_plan values (NULL, 2872, 13);
insert into price_plan values (NULL, 2124, 6);
insert into price_plan values (NULL, 2035, 3);
insert into price_plan values (NULL, 2666, 2);
insert into price_plan values (NULL, 2695, 2);
insert into price_plan values (NULL, 1706, 1);
insert into price_plan values (NULL, 2769, 13);
insert into price_plan values (NULL, 1968, 14);
insert into price_plan values (NULL, 1385, 15);
insert into price_plan values (NULL, 2883, 14);
insert into price_plan values (NULL, 1340, 13);
insert into price_plan values (NULL, 2549, 6);
insert into price_plan values (NULL, 1738, 15);
insert into price_plan values (NULL, 2651, 15);
insert into price_plan values (NULL, 1300, 2);
insert into price_plan values (NULL, 2320, 2);
insert into price_plan values (NULL, 1202, 14);
insert into price_plan values (NULL, 2962, 2);
insert into price_plan values (NULL, 1617, 3);
insert into price_plan values (NULL, 1151, 13);
insert into price_plan values (NULL, 1950, 3);
insert into price_plan values (NULL, 2620, 12);
insert into price_plan values (NULL, 2354, 13);
insert into price_plan values (NULL, 2528, 14);
insert into price_plan values (NULL, 1764, 13);
insert into price_plan values (NULL, 2946, 13);
insert into price_plan values (NULL, 1188, 12);
insert into price_plan values (NULL, 2787, 6);
insert into price_plan values (NULL, 2593, 2);
insert into price_plan values (NULL, 2953, 6);
insert into price_plan values (NULL, 1851, 1);
insert into price_plan values (NULL, 1758, 14);
insert into price_plan values (NULL, 1654, 13);
insert into price_plan values (NULL, 1873, 12);
insert into price_plan values (NULL, 2993, 3);
insert into price_plan values (NULL, 2676, 14);
insert into price_plan values (NULL, 1871, 15);
insert into price_plan values (NULL, 1175, 1);
insert into price_plan values (NULL, 1426, 6);
insert into price_plan values (NULL, 1423, 6);
insert into price_plan values (NULL, 2578, 1);
insert into price_plan values (NULL, 1175, 2);
insert into price_plan values (NULL, 2807, 6);
insert into price_plan values (NULL, 2264, 1);
insert into price_plan values (NULL, 1316, 2);

-- apartment
insert into apartment values (NULL, 'Regents Park', 1, 3, 1, "https://www.regentsparkchicago.com/s/", '5035 S East End Ave', 'Chicago', 17, '60615', '41.80343920615073', '-87.58488200967082'); -- regents park
insert into apartment values (NULL, 'Solstice on the Park', 2, 3, 1, "https://www.solsticechicago.com/", '1616 E 56th St', 'Chicago', 17, '60637', '41.79385121634259', '-87.58562495492858'); -- solstice on the park
insert into apartment values (NULL, 'Windermere House', 1, 3, 1, "https://www.macapartments.com/property/Windermere-House", '1642 E 56th St', 'Chicago', 17, '60637', '41.79376263507103', '-87.5846372657446'); -- windermere house
insert into apartment values (NULL, 'Shoreland', 1, 3, 1, "https://www.macapartments.com/property/Shoreland", '5454 South Shore Drive', 'Chicago', 17, '60615', '41.7965566423378', '-87.5815163936166'); -- shoreland
insert into apartment values (NULL, 'Drexel Grand', 1, 1, 1, "https://www.macapartments.com/property/Drexel-Grand", '5220 South Drexel Avenue', 'Chicago', 17, '60615', '41.79995290691353', '-87.60414260832023'); -- drexel grand
insert into apartment values (NULL, '5252 Apartments', 1, 3, 1, "https://5252apartments.com/", '5252 S Cornell Ave', 'Chicago', 17, '60615', '41.80009501672433', '-87.58643805414417'); -- 5252
insert into apartment values (NULL, 'The Flamingo Apartments', 1, 1, 2, "https://www.apartments.com/the-flamingo-apartments-chicago-il/vylvywd/", '5500 S Shore Dr', 'Chicago', 17, '60637', '41.79491721321038', '-87.58066710163466'); -- TLC: The Flamingo Apartments
insert into apartment values (NULL, 'Woodlawn Terrace', 1, 1, 1, "https://www.apartments.com/woodlawn-terrace-chicago-il/lsggedd/", '4726-4740 South Woodlawn Ave', 'Chicago', 17, '60615', '41.80871539532777', '-87.59706865291008'); -- woodlawn terrace
insert into apartment values (NULL, 'The Victorian Apartments', 1, 1, 2, "https://www.apartments.com/the-victorian-apartments-chicago-il/6b1q67v/", '5326 S Cornell Ave', 'Chicago', 17, '60615', '41.798887321834144', '-87.58576219463872'); -- TLC: The Victorian Apartments
insert into apartment values (NULL, 'Mayfair apartmentss', 1, 1, 2, "https://www.apartments.com/mayfair-apartments-chicago-il/yjek83v/", '5496 S Hyde Park Blvd', 'Chicago', 17, '60615', '41.79566862642122', '-87.584193020704'); -- TLC: Mayfair apartments
insert into apartment values (NULL, 'Everett Hyde Park', 1, 1, 3, "https://www.everetthydepark.com/everett-hyde-park-chicago-il/", '5501-5527 S Everett Ave', 'Chicago', 17, '60637', '41.795117632983846', '-87.58233839491412'); -- Tricap: Everett Hyde Park
insert into apartment values (NULL, 'Cloisters', 1, 1, 1, "https://www.macapartments.com/property/Cloisters", '5801-5811 S Dorchester Ave', 'Chicago', 17, '60637', '41.7896752425938', '-87.59133839298691'); -- Cloisters
insert into apartment values (NULL, 'The Del Prado', 1, 1, 1, "https://www.macapartments.com/property/The-Del-Prado", '5307 S Hyde Park Blvd', 'Chicago', 17, '60615', '41.79954101668182', '-87.58347076319335'); -- The Del Prado
insert into apartment values (NULL, 'Scholars Corner Apartments', 1, 1, 2, "https://www.apartments.com/scholars-corner-apartments-chicago-il/lxdjh6d/", '5100 S Cornell Ave', 'Chicago', 17, '60615', '41.80222831522195', '-87.5867618949141'); -- TLC: Scholars Corner Apartments
insert into apartment values (NULL, '5550 S Dorchester', 1, 1, 4, "https://www.5550dorchester.com/", '5550 S Dorchester Ave', 'Chicago', 17, '60637', '41.79385412519156', '-87.59206423641572'); -- laramar: 5550 S Dorchester
insert into apartment values (NULL, 'Algonquin Apartments', 1, 1, 1, "https://www.apartments.com/algonquin-apartments-chicago-il/jbww9e6/", '1606 E Hyde Park Blvd', 'Chicago', 17, '60615', '41.802782119389576', '-87.58628425354159'); -- algonquin
insert into apartment values (NULL, 'City Hyde Park', 2, 3, 1, "https://cityhydepark.com/", '5105 S Harper Ave', 'Chicago', 17, '60615', '41.80227521042444', '-87.58841403657145'); -- city hyde park
insert into apartment values (NULL, 'Vue53', 2, 3, 5, "https://www.vue53.com/", '1330 E 53rd St', 'Chicago', 17, '60615', '41.799790146373745', '-87.5936274236628'); -- peakmade: vue53
insert into apartment values (NULL, 'Hyde Park Tower', 1, 3, 6, "https://www.hydeparktowerapartments.com/", '5140 S Hyde Park Blvd', 'Chicago', 17, '60615', '41.80166590218367', '-87.58502999298621'); -- air: Hyde Park Tower
insert into apartment values (NULL, '5540 S Hyde Park Blvd', 1, 1, 7, "https://www.apartments.com/5540-s-hyde-park-blvd-chicago-il/nfb05sm/", '5540 S Hyde Park Blvd', 'Chicago', 17, '60637', '41.79422394244561', '-87.5842135813022'); -- 3l living: 5540 S Hyde Park Blvd

-- plaza
insert into plaza values ('Kimbark', 'S Woodlawn Ave & E 53rd St', 'Chicago', 17, '60615', '41.799563130758024', '-87.59663266740105'); -- Plaza: kimbark plaza
insert into plaza values ('Washington Park', 'S Cottage Grove Ave & E 51st St', 'Chicago', 17, '60615', '41.80380062260185', '-87.60720024008845'); -- Plaza: washington park plaza
insert into plaza values ('Lake Park', '1400 E 47th St', 'Chicago', 17, '60653', '41.8100122942459', '-87.5920537329874'); -- Plaza: Lake Park plaza
insert into plaza values ('Chinatown Square', '2133 S China PI', 'Chicago', 17, '60616', '41.85442622674233', '-87.63349989407573'); -- Plaza: chinatown square plaza
insert into plaza values ('Park View', '3000 S Halsted St', 'Chicago', 17, '60608', '41.83976512441874', '-87.64716829705475'); -- park view plaza
insert into plaza values ('Jeffery', 'S Jeffery Blvd', 'Chicago', 17, '60649', '41.76634926578937', '-87.57446024200789'); -- jeffery plaza
insert into plaza values ('Horizon', '2660 E 79th St', 'Chicago', 17, '60649', '41.75230524918482', '-87.5591758677342'); -- horizon plaza
insert into plaza values ('Bishop', '1400 W 47th St', 'Chicago', 17, '60609', '41.80911820042759', '-87.66020010851271'); -- Bishop plaza

-- grocery
insert into grocery values (NULL, 'Mariano''s', NULL, '3857 S Martin Luther King Dr', 'Chicago', 17, '60653', '41.8245943', '-87.6160697'); --Mariano's
insert into grocery values (NULL, 'Jewel-Osco', NULL, '7530 S Stony Is Ave', 'Chicago', 17, '60649', '41.7582907', '-87.5876613'); --Jewel-Osco
insert into grocery values (NULL, 'Jeffery Big Market', NULL, '2016 E 71st St', 'Chicago', 17, '60649', '41.7664169', '-87.5754820'); --Jeffery Big Market
insert into grocery values (NULL, 'Big Salem''s Food Mart', NULL, '1724 E 71st St', 'Chicago', 17, '60649', '41.7663979', '-87.5823931'); --Big Salem's Food Mart
insert into grocery values (NULL, 'Super Fair Foods', NULL, '6319 S Vernon Ave', 'Chicago', 17, '60637', '41.7797319', '-87.6142643'); --Super Fair Foods
insert into grocery values (NULL, 'Save A Lot', NULL, '344 E 63rd St', 'Chicago', 17, '60637', '41.7806454', '-87.6167095'); --Save A Lot
insert into grocery values (NULL, 'King Drive Grocery', NULL, '6421 S King Dr', 'Chicago', 17, '60637', '41.7777288', '-87.6152176'); --King Drive Grocery
insert into grocery values (NULL, 'Tony''s Stop & Save', NULL, '4353 S Cottage Grove Ave', 'Chicago', 17, '60653', '41.8152669', '-87.6060947'); --Tony’s Stop & Save
insert into grocery values (NULL, 'One Stop Food & Liquors', NULL, '4301 S Lake Park Ave', 'Chicago', 17, '60653', '41.8162115', '-87.5982571'); --One Stop Food & Liquors
insert into grocery values (NULL, 'Maroon Market', NULL, 'Bartlett Dining Commons', 'Chicago', 17, '60637', '41.7919731', '-87.5985031'); --Maroon Market
insert into grocery values (NULL, 'Open Produce', NULL, '1635 E 55th St', 'Chicago', 17, '60615', '41.7951087', '-87.5851026'); --Open Produce
insert into grocery values (NULL, 'Harper Foods', NULL, '1455 E 57th St', 'Chicago', 17, '60637', '41.7914107', '-87.5894593'); --Harper Foods
insert into grocery values (NULL, 'Walmart Neighborhood Market', NULL, '4720 S Cottage Grove Ave', 'Chicago', 17, '60615', '41.8087674', '-87.6067688'); --Walmart Neighborhood Market
insert into grocery values (NULL, 'Ingleside Foods', NULL, '5117 S Ingleside Ave', 'Chicago', 17, '60615', '41.8017097', '-87.6027323'); --Ingleside Foods
insert into grocery values (NULL, 'Jewel-Osco', NULL, '6014 S Cottage Grove Ave', 'Chicago', 17, '60637', '41.7851180', '-87.6062928'); --Jewel-Osco
insert into grocery values (NULL, 'Valley of Jordan Food', NULL, '1009 E 53rd St', 'Chicago', 17, '60615', '41.7992761', '-87.6008587'); --Valley of Jordan Food
insert into grocery values (NULL, 'Hyde Park Produce Market', 'Kimbark', '1226 E 53rd St', 'Chicago', 17, '60615', '41.8000110', '-87.5954805'); --Hyde Park Produce Market
insert into grocery values (NULL, 'Target Grocery', NULL, '1346 E 53rd St', 'Chicago', 17, '60615', '41.7997533', '-87.5932452'); --Target Grocery
insert into grocery values (NULL, 'Trader Joe''s', NULL, '1528 E 55th St', 'Chicago', 17, '60615', '41.7963960', '-87.5883840'); --Trader Joe's
insert into grocery values (NULL, 'Marshalls', NULL, '5102 S Lake Park Ave', 'Chicago', 17, '60615', '41.8022254', '-87.5881268'); --Marshalls
insert into grocery values (NULL, 'Whole Foods Market', NULL, '5118 S Lake Park Ave', 'Chicago', 17, '60615', '41.8018032', '-87.5880826'); --Whole Foods Market


-- worksite
insert into worksite values ('Silverroom', '1506 E 53rd St', 'Chicago', 17, '60615', '41.7997683', '-87.5887580'); --Silverroom
insert into worksite values ('United States Postal Service', '1510 E 55th St', 'Chicago', 17, '60615', '41.7956780', '-87.5886021'); --United States Postal Service
insert into worksite values ('The University of Chicago Bookstore', '970 E 58th St', 'Chicago', 17, '60637', '41.7898224', '-87.6014263'); --The University of Chicago Bookstore
insert into worksite values ('Valley of Jordan Food', '1009 E 53rd St', 'Chicago', 17, '60615', '41.7992761', '-87.6008587'); --Valley of Jordan Food
insert into worksite values ('Phillip Murray School', '5335 S Kenwood Ave', 'Chicago', 17, '60615', '41.7982087', '-87.5925169'); --Phillip Murray School
insert into worksite values ('Sophy Hyde Park', '1411 E 53rd St', 'Chicago', 17, '60615', '41.7993353', '-87.5914027'); --Sophy Hyde Park
insert into worksite values ('PNC Bank', '5100 S Lake Park Ave', 'Chicago', 17, '60615', '41.8022889', '-87.5881068'); --PNC Bank
insert into worksite values ('Nikki Nails', '1503 E Hyde Park Blvd', 'Chicago', 17, '60615', '41.8022988', '-87.5890799'); --Nikki Nails
insert into worksite values ('Frontline Distribution International', '5206 S Harper Ave', 'Chicago', 17, '60615', '41.8007690', '-87.5892645'); --Frontline Distribution International
insert into worksite values ('LA Fitness', '5224 S Lake Park Ave', 'Chicago', 17, '60615', '41.8003174', '-87.5876922'); --LA Fitness
insert into worksite values ('AT&T Store', '5222 S Lake Park Ave', 'Chicago', 17, '60615', '41.8004471', '-87.5877956'); --AT&T Store
insert into worksite values ('Hyatt Place Chicago-South/University Medical Center', '5225 S Harper Ave', 'Chicago', 17, '60615', '41.8000944', '-87.5889359'); --Hyatt Place Chicago-South/University Medical Center
insert into worksite values ('Harper Theater', '5238 S Harper Ave', 'Chicago', 17, '60615', '41.7998717', '-87.5892241'); --Harper Theater
insert into worksite values ('Ulta Beauty', '5228 S Lake Park Ave', 'Chicago', 17, '60615', '41.7999469', '-87.5878506'); --Ulta Beauty
insert into worksite values ('Hyde Park Bank', '1525 E 53rd St', 'Chicago', 17, '60615', '41.7994204', '-87.5880921'); --Hyde Park Bank
insert into worksite values ('AKIRA', '1539 E 53rd St', 'Chicago', 17, '60615', '41.7994027', '-87.5874622'); --AKIRA
insert into worksite values ('The UPS Store', '1507 E 53rd St', 'Chicago', 17, '60615', '41.7993734', '-87.5888027'); --The UPS Store
insert into worksite values ('Bank of America Financial Center', '1439 E 53rd St', 'Chicago', 17, '60615', '41.7993405', '-87.5902117'); --Bank of America Financial Center
insert into worksite values ('Chase Bank', '1204 E 53rd St', 'Chicago', 17, '60615', '41.7999192', '-87.5963220'); --Chase Bank
insert into worksite values ('Kozminski Community Academy', '936 E 54th St', 'Chicago', 17, '60615', '41.7985262', '-87.6023823'); --Kozminski Community Academy
insert into worksite values ('The University of Chicago Medical Center', '800 E 55th St', 'Chicago', 17, '60615', '41.7961266', '-87.6052960'); --The University of Chicago Medical Center
insert into worksite values ('Gerald Ratner Athletics Center', '5530 S Ellis Ave', 'Chicago', 17, '60637', '41.7941667', '-87.6016667'); --Gerald Ratner Athletics Center
insert into worksite values ('CVS', '1228 E 53rd St', 'Chicago', 17, '60615', '41.7997772', '-87.5946980'); --CVS
insert into worksite values ('Walgreens', '1554 E 55th St', 'Chicago', 17, '60615', '41.7956991', '-87.5878386'); --Walgreens
insert into worksite values ('Office Depot', 'At 55th & Lake Park, 5420 S Lake Park Ave', 'Chicago', 17, '60615', '41.7976972', '-87.5877077'); --Office Depot
insert into worksite values ('John Crerar Library', '5730 S Ellis Ave', 'Chicago', 17, '60637', '41.7905240', '-87.6028540'); --John Crerar Library
insert into worksite values ('UChicago Medicine', '5841 S Maryland Ave', 'Chicago', 17, '60637', '41.7892944', '-87.6039963'); --UChicago Medicine
insert into worksite values ('Frederick C. Robie House', '5757 S Woodlawn Ave', 'Chicago', 17, '60637', '41.7898178', '-87.5959445'); --Frederick C. Robie House
insert into worksite values ('Smart Museum of Art', '5550 S Greenwood Ave', 'Chicago', 17, '60637', '41.7934642', '-87.6002004'); --Smart Museum of Art

-- user
insert into user values ('anthonymerritt@richardson-kline.com', '9jgE1i0w@6', 'United States Postal Service', 46);
insert into user values ('hannahholland@ramos.com', 'k1Z)DtQH$n', 'Nikki Nails', 49);
insert into user values ('douglaswhite@morales-paul.com', 'h$@cGvRs&6', 'Harper Theater', 42);
insert into user values ('joseanderson@lopez.com', '*nT3yCmwH$', 'Kozminski Community Academy', 53);
insert into user values ('lauraibarra@dyer.com', 'GN+*3Ycn2T', 'Bank of America Financial Center', 25);
insert into user values ('samanthasims@wright.com', 'v7vt6D4X)0', 'Silverroom', 34);
insert into user values ('johnathancruz@morrison.com', '6(LJV6bo!D', 'Hyde Park Bank', 35);
insert into user values ('billyvasquez@boyd-hubbard.biz', '(uHkZa(@7C', 'CVS', 39);
insert into user values ('peterfuller@wilson.com', 'u3v6MKxA)U', 'Sophy Hyde Park', 47);
insert into user values ('leahbarrett@palmer.com', 'sBZGSGsu)1', 'Hyatt Place Chicago-South/University Medical Center', 53);
insert into user values ('christopherbutler@wagner.com', 'K*3wpMxwI(', 'Frontline Distribution International', 40);
insert into user values ('rachelmoreno@blake.info', '%dL5bS8dU1', 'Hyde Park Bank', 31);
insert into user values ('kellyholloway@lee.biz', '&#4MtDptPa', 'Office Depot', 44);
insert into user values ('brendarose@beck.net', ')6i%DdGo$R', 'United States Postal Service', 25);
insert into user values ('phillipmyers@curtis.net', 'e9h41VVs+V', 'Gerald Ratner Athletics Center', 44);
insert into user values ('robertmacias@herman.com', 'Bj7LeXMX$6', 'Sophy Hyde Park', 20);
insert into user values ('thomaslong@jackson.org', '#OVU+tDjV6', 'United States Postal Service', 31);
insert into user values ('andreanelson@morris.com', 'xXqUBR)0!7', 'The UPS Store', 43);
insert into user values ('teresamartin@pham.biz', '!&2Bqm6jT_', 'PNC Bank', 49);
insert into user values ('samuelhenson@franklin.com', 'm08U#W@f#3', 'Nikki Nails', 30);
insert into user values ('markvargas@franklin-garner.org', '^bKn+0Dvl2', 'AT&T Store', 45);
insert into user values ('laurafields@perry.net', '^9caLxbWG1', 'John Crerar Library', 52);
insert into user values ('christinaspencer@wells-logan.com', '%Gi0RE1pM$', 'Office Depot', 55);
insert into user values ('monicamarks@young.biz', 'xWR1Rhox*@', 'Silverroom', 33);
insert into user values ('nicolephillips@holloway.com', 'f2I1xBhe&v', 'UChicago Medicine', 31);
insert into user values ('chelseagibbs@parks-scott.com', '$Cw4BZ_v2y', 'Walgreens', 40);
insert into user values ('seangreen@dennis.com', 'B^7XarTy%7', 'Nikki Nails', 41);
insert into user values ('andreboyle@marks-nash.com', '4CZWNR%e+H', 'PNC Bank', 51);
insert into user values ('christinaroberts@barajas.com', 'p+*6nNni9h', 'John Crerar Library', 38);
insert into user values ('nancymartin@brooks-simmons.net', 'N8J5Otmf+&', 'Frederick C. Robie House', 41);
insert into user values ('larrylong@hammond.net', '_HNRHueFl0', 'Frontline Distribution International', 20);
insert into user values ('justinthompson@robinson.com', '&oI6QgdWn7', 'United States Postal Service', 34);
insert into user values ('jillbarker@hampton-young.net', '&A3fkWi)i+', 'Frederick C. Robie House', 51);
insert into user values ('jameswillis@powell-stokes.net', 'A!86F_uJIs', 'Gerald Ratner Athletics Center', 47);
insert into user values ('christopherthompson@sloan.com', '*H4PhaAF)8', 'Bank of America Financial Center', 47);
insert into user values ('alisongarner@garrett.com', 'hA$3AT+jI&', 'The University of Chicago Bookstore', 50);
insert into user values ('pamelajames@anderson.com', 'vLP8DyvS_B', 'Frontline Distribution International', 33);
insert into user values ('rosshoover@jackson.com', ')6#1Lg2rzA', 'Valley of Jordan Food', 39);
insert into user values ('christopherphillips@stevens.biz', 'd5s7E@s+(z', 'UChicago Medicine', 26);
insert into user values ('victoriairwin@wilson.com', 'L31(UNEq_u', 'Walgreens', 51);

-- restaurant
insert into restaurant values ('Strings Ramen Shop Hyde Park', 4, NULL, '1453 E 53rd St', 'Chicago', 17, '60615', '41.7992630', '-87.5897226'); --Strings Ramen Shop Hyde Park
insert into restaurant values ('Wingstop', 1, NULL, '5300 S Dorchester Ave', 'Chicago', 17, '60615', '41.7993069', '-87.5919161'); --Wingstop
insert into restaurant values ('Eto''o Modern Asian Cuisine', 5, NULL, '1373 E 53rd St', 'Chicago', 17, '60615', '41.7993513', '-87.5922149'); --Eto'o Modern Asian Cuisine
insert into restaurant values ('Shinju Sushi', 4, NULL, '1375 E 53rd St', 'Chicago', 17, '60615', '41.7993791', '-87.5921456'); --Shinju Sushi
insert into restaurant values ('Dunkin''', 1, NULL, '1418 E 53rd St Ste 5', 'Chicago', 17, '60615', '41.7998097', '-87.5910376'); --Dunkin'
insert into restaurant values ('Capital One Café', 1, NULL, '1465 E 53rd St', 'Chicago', 17, '60615', '41.7994057', '-87.5892372'); --Capital One Café
insert into restaurant values ('Philz Coffee', 1, NULL, '1425 E 53rd St', 'Chicago', 17, '60615', '41.7993937', '-87.5906476'); --Philz Coffee
insert into restaurant values ('Cafe 53', 1, NULL, '1369 E 53rd St', 'Chicago', 17, '60615', '41.7993168', '-87.5924045'); --Cafe 53
insert into restaurant values ('Can''t Believe It''s Not Meat', 6, NULL, '1368 1/2 E 53rd St', 'Chicago', 17, '60615', '41.7996292', '-87.5923580'); --Can't Believe It's Not Meat
insert into restaurant values ('Rajun Cajun', 3, NULL, '1459 E 53rd St', 'Chicago', 17, '60615', '41.7994051', '-87.5894497'); --Rajun Cajun
insert into restaurant values ('Mellow Yellow Restaurant', 1, NULL, '1508 E 53rd St', 'Chicago', 17, '60615', '41.7996736', '-87.5886073'); --Mellow Yellow Restaurant
insert into restaurant values ('Great Steak', 1, NULL, '5130 S Lake Park Ave', 'Chicago', 17, '60615', '41.8013080', '-87.5882640'); --Great Steak
insert into restaurant values ('Potbelly Sandwich Shop', 1, NULL, '5428 S Lake Park Ave', 'Chicago', 17, '60615', '41.7971424', '-87.5881796'); --Potbelly Sandwich Shop
insert into restaurant values ('Jimmy John''s', 1, NULL, '1519 E 55th St', 'Chicago', 17, '60615', '41.7950567', '-87.5882767'); --Jimmy John's
insert into restaurant values ('Jet''s Pizza', 1, NULL, '1348 E 55th St', 'Chicago', 17, '60615', '41.7953359', '-87.5930754'); --Jet's Pizza
insert into restaurant values ('Saucy Porka Hyde Park', NULL, NULL, '1164 E 55th St', 'Chicago', 17, '60615', '41.7952488', '-87.5969977'); --Saucy Porka Hyde Park
insert into restaurant values ('Roux', NULL, NULL, '1055 E 55th St', 'Chicago', 17, '60615', '41.7948341', '-87.6003897'); --Roux
insert into restaurant values ('Nella Pizza e Pasta', 7, NULL, '1125 E 55th St', 'Chicago', 17, '60615', '41.7948780', '-87.5985437'); --Nella Pizza e Pasta
insert into restaurant values ('Subway', 1, NULL, '1449 E 57th St', 'Chicago', 17, '60637', '41.7913624', '-87.5896970'); --Subway
insert into restaurant values ('Salonica Restaurant', 8, NULL, '1440 E 57th St', 'Chicago', 17, '60637', '41.7916174', '-87.5901139'); --Salonica Restaurant
insert into restaurant values ('Leona''s Pizzeria & Restaurant', NULL, NULL, '1236 E 53rd St', 'Chicago', 17, '60615', '41.7999325', '-87.5952233'); --Leona's Pizzeria & Restaurant
insert into restaurant values ('Harold''s Chicken #14 Hyde Park', 1, 'Kimbark', '1208 E 53rd St', 'Chicago', 17, '60615', '41.8000542', '-87.5960602'); --Harold's Chicken #14 Hyde Park
insert into restaurant values ('Nicky''s Chinese Food', 2, 'Kimbark', '5231 S Woodlawn Ave', 'Chicago', 17, '60615', '41.8000346', '-87.5964117'); --Nicky's Chinese Food
insert into restaurant values ('14 Parish', NULL, NULL, '1644 E 53rd St', 'Chicago', 17, '60615', '41.7997798', '-87.5848545'); --14 Parish
insert into restaurant values ('Domino''s Pizza', 1, NULL, '1453 E Hyde Park Blvd', 'Chicago', 17, '60615', '41.8022882', '-87.5897200'); --Domino's Pizza
insert into restaurant values ('Medici On 57th', 1, NULL, '1327-1331, 1327 E 57th St', 'Chicago', 17, '60637', '41.7912798', '-87.5937570'); --Medici On 57th
insert into restaurant values ('Southside Ken Chinese Cuisine', 2, NULL, '1611 E 55th St', 'Chicago', 17, '60615', '41.7951043', '-87.5861122'); --Southside Ken Chinese Cuisine
insert into restaurant values ('Ascione Bistro', 7, NULL, '1500 E 55th St', 'Chicago', 17, '60615', '41.7953227', '-87.5886498'); --Ascione Bistro
insert into restaurant values ('Five Guys', 1, NULL, '1456 E 53rd St', 'Chicago', 17, '60615', '41.7996674', '-87.5895320'); --Five Guys
insert into restaurant values ('Nando''s PERi-PERi', NULL, NULL, '1447 E 53rd St', 'Chicago', 17, '60615', '41.7994040', '-87.5899000'); --Nando's PERi-PERi
insert into restaurant values ('Giordano''s', 1, NULL, '5311 S Blackstone Ave', 'Chicago', 17, '60615', '41.7991135', '-87.5902310'); --Giordano's
insert into restaurant values ('Valois Restaurant', 1, NULL, '1518 E 53rd St', 'Chicago', 17, '60615', '41.7997683', '-87.5883172'); --Valois Restaurant
insert into restaurant values ('Virtue Restaurant', NULL, NULL, '1462 E 53rd St', 'Chicago', 17, '60615', '41.7996669', '-87.5892515'); --Virtue Restaurant

-- user_apartment_wishlist
insert into user_apartment_wishlist values ('nancymartin@brooks-simmons.net', 17);
insert into user_apartment_wishlist values ('johnathancruz@morrison.com', 1);
insert into user_apartment_wishlist values ('christopherthompson@sloan.com', 8);
insert into user_apartment_wishlist values ('nancymartin@brooks-simmons.net', 19);
insert into user_apartment_wishlist values ('justinthompson@robinson.com', 18);
insert into user_apartment_wishlist values ('phillipmyers@curtis.net', 2);
insert into user_apartment_wishlist values ('justinthompson@robinson.com', 5);
insert into user_apartment_wishlist values ('johnathancruz@morrison.com', 16);
insert into user_apartment_wishlist values ('nancymartin@brooks-simmons.net', 7);
insert into user_apartment_wishlist values ('andreanelson@morris.com', 1);
insert into user_apartment_wishlist values ('leahbarrett@palmer.com', 19);
insert into user_apartment_wishlist values ('christopherbutler@wagner.com', 7);
insert into user_apartment_wishlist values ('jameswillis@powell-stokes.net', 13);
insert into user_apartment_wishlist values ('justinthompson@robinson.com', 8);
insert into user_apartment_wishlist values ('samuelhenson@franklin.com', 14);
insert into user_apartment_wishlist values ('rachelmoreno@blake.info', 20);
insert into user_apartment_wishlist values ('rosshoover@jackson.com', 18);
insert into user_apartment_wishlist values ('victoriairwin@wilson.com', 20);
insert into user_apartment_wishlist values ('brendarose@beck.net', 11);
insert into user_apartment_wishlist values ('jameswillis@powell-stokes.net', 20);
insert into user_apartment_wishlist values ('christinaroberts@barajas.com', 16);
insert into user_apartment_wishlist values ('seangreen@dennis.com', 3);
insert into user_apartment_wishlist values ('christopherbutler@wagner.com', 20);
insert into user_apartment_wishlist values ('joseanderson@lopez.com', 5);
insert into user_apartment_wishlist values ('joseanderson@lopez.com', 2);
insert into user_apartment_wishlist values ('christinaroberts@barajas.com', 10);
insert into user_apartment_wishlist values ('alisongarner@garrett.com', 9);
insert into user_apartment_wishlist values ('joseanderson@lopez.com', 19);
insert into user_apartment_wishlist values ('peterfuller@wilson.com', 13);
insert into user_apartment_wishlist values ('douglaswhite@morales-paul.com', 13);
insert into user_apartment_wishlist values ('samuelhenson@franklin.com', 6);
insert into user_apartment_wishlist values ('hannahholland@ramos.com', 11);
insert into user_apartment_wishlist values ('monicamarks@young.biz', 11);
insert into user_apartment_wishlist values ('leahbarrett@palmer.com', 12);
insert into user_apartment_wishlist values ('samanthasims@wright.com', 13);
insert into user_apartment_wishlist values ('chelseagibbs@parks-scott.com', 9);
insert into user_apartment_wishlist values ('billyvasquez@boyd-hubbard.biz', 12);
insert into user_apartment_wishlist values ('phillipmyers@curtis.net', 13);
insert into user_apartment_wishlist values ('kellyholloway@lee.biz', 6);
insert into user_apartment_wishlist values ('lauraibarra@dyer.com', 12);
insert into user_apartment_wishlist values ('christinaspencer@wells-logan.com', 13);
insert into user_apartment_wishlist values ('teresamartin@pham.biz', 11);
insert into user_apartment_wishlist values ('leahbarrett@palmer.com', 20);
insert into user_apartment_wishlist values ('jameswillis@powell-stokes.net', 16);
insert into user_apartment_wishlist values ('teresamartin@pham.biz', 13);
insert into user_apartment_wishlist values ('christinaspencer@wells-logan.com', 16);
insert into user_apartment_wishlist values ('larrylong@hammond.net', 2);
insert into user_apartment_wishlist values ('robertmacias@herman.com', 2);
insert into user_apartment_wishlist values ('christinaroberts@barajas.com', 17);
insert into user_apartment_wishlist values ('phillipmyers@curtis.net', 16);
insert into user_apartment_wishlist values ('justinthompson@robinson.com', 10);
insert into user_apartment_wishlist values ('thomaslong@jackson.org', 12);
insert into user_apartment_wishlist values ('rosshoover@jackson.com', 15);
insert into user_apartment_wishlist values ('christinaroberts@barajas.com', 1);
insert into user_apartment_wishlist values ('samuelhenson@franklin.com', 11);
insert into user_apartment_wishlist values ('teresamartin@pham.biz', 19);
insert into user_apartment_wishlist values ('teresamartin@pham.biz', 5);
insert into user_apartment_wishlist values ('jillbarker@hampton-young.net', 2);
insert into user_apartment_wishlist values ('leahbarrett@palmer.com', 3);
insert into user_apartment_wishlist values ('anthonymerritt@richardson-kline.com', 10);
insert into user_apartment_wishlist values ('christinaroberts@barajas.com', 20);
insert into user_apartment_wishlist values ('seangreen@dennis.com', 17);
insert into user_apartment_wishlist values ('lauraibarra@dyer.com', 14);
insert into user_apartment_wishlist values ('christopherphillips@stevens.biz', 6);
insert into user_apartment_wishlist values ('andreboyle@marks-nash.com', 7);
insert into user_apartment_wishlist values ('joseanderson@lopez.com', 10);
insert into user_apartment_wishlist values ('seangreen@dennis.com', 9);
insert into user_apartment_wishlist values ('samuelhenson@franklin.com', 9);
insert into user_apartment_wishlist values ('rosshoover@jackson.com', 9);
insert into user_apartment_wishlist values ('jillbarker@hampton-young.net', 16);
insert into user_apartment_wishlist values ('pamelajames@anderson.com', 11);
insert into user_apartment_wishlist values ('rosshoover@jackson.com', 5);
insert into user_apartment_wishlist values ('christinaroberts@barajas.com', 11);
insert into user_apartment_wishlist values ('phillipmyers@curtis.net', 14);
insert into user_apartment_wishlist values ('seangreen@dennis.com', 14);
insert into user_apartment_wishlist values ('samanthasims@wright.com', 10);
insert into user_apartment_wishlist values ('kellyholloway@lee.biz', 9);
insert into user_apartment_wishlist values ('lauraibarra@dyer.com', 11);

-- floor_plan
insert into floor_plan values (1, 1, 2, 670);
insert into floor_plan values (1, 2, 5, 1092);
insert into floor_plan values (1, 3, 1, 923);
insert into floor_plan values (2, 1, 3, 749);
insert into floor_plan values (2, 2, 4, 644);
insert into floor_plan values (2, 3, 3, 629);
insert into floor_plan values (2, 4, 5, 1067);
insert into floor_plan values (3, 1, 2, 1093);
insert into floor_plan values (4, 1, 2, 746);
insert into floor_plan values (5, 1, 2, 864);
insert into floor_plan values (5, 2, 2, 667);
insert into floor_plan values (5, 3, 3, 779);
insert into floor_plan values (6, 1, 4, 909);
insert into floor_plan values (6, 2, 3, 817);
insert into floor_plan values (6, 3, 4, 1001);
insert into floor_plan values (6, 4, 2, 766);
insert into floor_plan values (7, 1, 1, 955);
insert into floor_plan values (7, 2, 1, 985);
insert into floor_plan values (7, 3, 1, 777);
insert into floor_plan values (7, 4, 5, 989);
insert into floor_plan values (7, 5, 3, 736);
insert into floor_plan values (8, 1, 2, 682);
insert into floor_plan values (8, 2, 3, 635);
insert into floor_plan values (8, 3, 5, 925);
insert into floor_plan values (8, 4, 1, 636);
insert into floor_plan values (9, 1, 3, 780);
insert into floor_plan values (10, 1, 1, 1099);
insert into floor_plan values (10, 2, 2, 1031);
insert into floor_plan values (11, 1, 2, 786);
insert into floor_plan values (11, 2, 5, 760);
insert into floor_plan values (11, 3, 1, 693);
insert into floor_plan values (11, 4, 4, 941);
insert into floor_plan values (12, 1, 4, 1037);
insert into floor_plan values (12, 2, 2, 606);
insert into floor_plan values (12, 3, 4, 858);
insert into floor_plan values (12, 4, 3, 984);
insert into floor_plan values (12, 5, 3, 1016);
insert into floor_plan values (13, 1, 5, 849);
insert into floor_plan values (13, 2, 3, 951);
insert into floor_plan values (13, 3, 3, 800);
insert into floor_plan values (14, 1, 1, 797);
insert into floor_plan values (14, 2, 5, 1070);
insert into floor_plan values (14, 3, 5, 692);
insert into floor_plan values (15, 1, 1, 897);
insert into floor_plan values (15, 2, 3, 823);
insert into floor_plan values (15, 3, 3, 830);
insert into floor_plan values (16, 1, 5, 833);
insert into floor_plan values (16, 2, 5, 836);
insert into floor_plan values (17, 1, 3, 1078);
insert into floor_plan values (17, 2, 5, 625);
insert into floor_plan values (18, 1, 2, 1045);
insert into floor_plan values (18, 2, 2, 751);
insert into floor_plan values (18, 3, 5, 860);
insert into floor_plan values (18, 4, 3, 865);
insert into floor_plan values (19, 1, 1, 951);
insert into floor_plan values (20, 1, 3, 1063);

-- floor_plan_price
insert into floor_plan_price values (12, 4, 32);
insert into floor_plan_price values (10, 2, 13);
insert into floor_plan_price values (7, 1, 23);
insert into floor_plan_price values (14, 3, 44);
insert into floor_plan_price values (5, 2, 43);
insert into floor_plan_price values (5, 3, 37);
insert into floor_plan_price values (6, 3, 41);
insert into floor_plan_price values (13, 3, 33);
insert into floor_plan_price values (7, 4, 45);
insert into floor_plan_price values (12, 1, 36);
insert into floor_plan_price values (12, 5, 32);
insert into floor_plan_price values (8, 4, 6);
insert into floor_plan_price values (9, 1, 16);
insert into floor_plan_price values (12, 5, 48);
insert into floor_plan_price values (17, 1, 6);
insert into floor_plan_price values (6, 3, 3);
insert into floor_plan_price values (2, 4, 3);
insert into floor_plan_price values (18, 4, 7);
insert into floor_plan_price values (5, 1, 50);
insert into floor_plan_price values (20, 1, 29);
insert into floor_plan_price values (3, 1, 39);
insert into floor_plan_price values (14, 3, 48);
insert into floor_plan_price values (2, 3, 16);
insert into floor_plan_price values (8, 1, 14);
insert into floor_plan_price values (5, 1, 36);
insert into floor_plan_price values (14, 2, 19);
insert into floor_plan_price values (3, 1, 46);
insert into floor_plan_price values (7, 3, 24);
insert into floor_plan_price values (5, 1, 9);
insert into floor_plan_price values (8, 2, 4);
insert into floor_plan_price values (7, 2, 17);
insert into floor_plan_price values (14, 1, 21);
insert into floor_plan_price values (5, 3, 21);
insert into floor_plan_price values (10, 2, 1);
insert into floor_plan_price values (11, 1, 23);
insert into floor_plan_price values (4, 1, 30);
insert into floor_plan_price values (9, 1, 38);
insert into floor_plan_price values (1, 3, 2);
insert into floor_plan_price values (7, 4, 27);
insert into floor_plan_price values (7, 5, 31);
insert into floor_plan_price values (2, 1, 47);
insert into floor_plan_price values (8, 3, 33);
insert into floor_plan_price values (2, 2, 32);
insert into floor_plan_price values (12, 2, 47);
insert into floor_plan_price values (13, 2, 36);
insert into floor_plan_price values (14, 3, 41);
insert into floor_plan_price values (7, 1, 44);
insert into floor_plan_price values (9, 1, 26);
insert into floor_plan_price values (15, 2, 3);
insert into floor_plan_price values (16, 1, 9);
insert into floor_plan_price values (16, 2, 34);
insert into floor_plan_price values (8, 4, 40);
insert into floor_plan_price values (7, 3, 45);
insert into floor_plan_price values (14, 1, 6);
insert into floor_plan_price values (10, 2, 7);
insert into floor_plan_price values (1, 3, 3);
insert into floor_plan_price values (7, 5, 30);
insert into floor_plan_price values (1, 3, 12);
insert into floor_plan_price values (18, 2, 47);
insert into floor_plan_price values (17, 1, 24);
insert into floor_plan_price values (13, 2, 3);
insert into floor_plan_price values (11, 4, 31);
insert into floor_plan_price values (17, 2, 10);
insert into floor_plan_price values (12, 1, 33);
insert into floor_plan_price values (12, 1, 24);
insert into floor_plan_price values (11, 2, 11);
insert into floor_plan_price values (14, 2, 9);
insert into floor_plan_price values (15, 1, 23);
insert into floor_plan_price values (8, 1, 44);
insert into floor_plan_price values (16, 2, 38);
insert into floor_plan_price values (6, 2, 15);
insert into floor_plan_price values (5, 2, 13);
insert into floor_plan_price values (13, 1, 37);
insert into floor_plan_price values (17, 1, 41);
insert into floor_plan_price values (18, 1, 40);
insert into floor_plan_price values (6, 1, 49);
insert into floor_plan_price values (13, 2, 9);
insert into floor_plan_price values (7, 1, 28);
insert into floor_plan_price values (12, 5, 19);
insert into floor_plan_price values (7, 3, 44);
insert into floor_plan_price values (11, 3, 25);
insert into floor_plan_price values (1, 2, 4);
insert into floor_plan_price values (18, 1, 43);
insert into floor_plan_price values (18, 3, 20);
insert into floor_plan_price values (11, 3, 10);
insert into floor_plan_price values (11, 4, 21);
insert into floor_plan_price values (5, 2, 16);
insert into floor_plan_price values (12, 4, 10);
insert into floor_plan_price values (11, 3, 34);
insert into floor_plan_price values (17, 2, 34);
insert into floor_plan_price values (1, 1, 42);
insert into floor_plan_price values (7, 5, 22);
insert into floor_plan_price values (15, 1, 1);
insert into floor_plan_price values (3, 1, 14);
insert into floor_plan_price values (15, 2, 37);
insert into floor_plan_price values (2, 3, 11);
insert into floor_plan_price values (10, 1, 31);
insert into floor_plan_price values (12, 3, 25);
insert into floor_plan_price values (13, 3, 41);
insert into floor_plan_price values (1, 1, 6);
insert into floor_plan_price values (14, 2, 30);
insert into floor_plan_price values (16, 2, 22);
insert into floor_plan_price values (10, 1, 3);
insert into floor_plan_price values (2, 3, 25);
insert into floor_plan_price values (6, 4, 4);
insert into floor_plan_price values (15, 3, 45);
insert into floor_plan_price values (14, 1, 41);
insert into floor_plan_price values (7, 2, 19);
insert into floor_plan_price values (8, 1, 8);
insert into floor_plan_price values (19, 1, 5);
insert into floor_plan_price values (2, 4, 44);
insert into floor_plan_price values (17, 2, 43);